tanggal,jenis_hari,keterangan,is_hari_kerja,wajib_presensi,eligible_tk,dasar_hukum,nomor_dokumen,tahun,source,source_url,retrieved_at
2026-01-01,LIBUR_NASIONAL,Tahun Baru 2026 Masehi,False,False,False,"SKB 1497/2025, 2/2025, dan 5/2025","SKB 1497/2025, 2/2025, dan 5/2025",2026,SE_Cuti_Bersama_2026.pdf,data/dokumen_resmi/2026/SE_Cuti_Bersama_2026.pdf,
2026-01-16,LIBUR_NASIONAL,Isra Mikraj Nabi Muhammad S.A.W.,False,False,False,"SKB 1497/2025, 2/2025, dan 5/2025","SKB 1497/2025, 2/2025, dan 5/2025",2026,SE_Cuti_Bersama_2026.pdf,data/dokumen_resmi/2026/SE_Cuti_Bersama_2026.pdf,
2026-02-16,CUTI_BERSAMA,Tahun Baru Imlek 2577 Kongzili,True,False,False,"SKB 1497/2025, 2/2025, dan 5/2025","SKB 1497/2025, 2/2025, dan 5/2025",2026,SE_Cuti_Bersama_2026.pdf,data/dokumen_resmi/2026/SE_Cuti_Bersama_2026.pdf,
2026-02-17,LIBUR_NASIONAL,Tahun Baru Imlek 2577 Kongzili,False,False,False,"SKB 1497/2025, 2/2025, dan 5/2025","SKB 1497/2025, 2/2025, dan 5/2025",2026,SE_Cuti_Bersama_2026.pdf,data/dokumen_resmi/2026/SE_Cuti_Bersama_2026.pdf,
2026-03-18,CUTI_BERSAMA,Hari Suci Nyepi (Tahun Baru Saka 1948),True,False,False,"SKB 1497/2025, 2/2025, dan 5/2025","SKB 1497/2025, 2/2025, dan 5/2025",2026,SE_Cuti_Bersama_2026.pdf,data/dokumen_resmi/2026/SE_Cuti_Bersama_2026.pdf,
2026-03-19,LIBUR_NASIONAL,Hari Suci Nyepi (Tahun Baru Saka 1948),False,False,False,"SKB 1497/2025, 2/2025, dan 5/2025","SKB 1497/2025, 2/2025, dan 5/2025",2026,SE_Cuti_Bersama_2026.pdf,data/dokumen_resmi/2026/SE_Cuti_Bersama_2026.pdf,
2026-03-20,CUTI_BERSAMA,Idul Fitri 1447 Hijriah,True,False,False,"SKB 1497/2025, 2/2025, dan 5/2025","SKB 1497/2025, 2/2025, dan 5/2025",2026,SE_Cuti_Bersama_2026.pdf,data/dokumen_resmi/2026/SE_Cuti_Bersama_2026.pdf,
2026-03-21,LIBUR_NASIONAL,Idul Fitri 1447 Hijriah,False,False,False,"SKB 1497/2025, 2/2025, dan 5/2025","SKB 1497/2025, 2/2025, dan 5/2025",2026,SE_Cuti_Bersama_2026.pdf,data/dokumen_resmi/2026/SE_Cuti_Bersama_2026.pdf,
2026-03-22,LIBUR_NASIONAL,Idul Fitri 1447 Hijriah,False,False,False,"SKB 1497/2025, 2/2025, dan 5/2025","SKB 1497/2025, 2/2025, dan 5/2025",2026,SE_Cuti_Bersama_2026.pdf,data/dokumen_resmi/2026/SE_Cuti_Bersama_2026.pdf,
2026-03-23,CUTI_BERSAMA,Idul Fitri 1447 Hijriah,True,False,False,"SKB 1497/2025, 2/2025, dan 5/2025","SKB 1497/2025, 2/2025, dan 5/2025",2026,SE_Cuti_Bersama_2026.pdf,data/dokumen_resmi/2026/SE_Cuti_Bersama_2026.pdf,
2026-03-24,CUTI_BERSAMA,Idul Fitri 1447 Hijriah,True,False,False,"SKB 1497/2025, 2/2025, dan 5/2025","SKB 1497/2025, 2/2025, dan 5/2025",2026,SE_Cuti_Bersama_2026.pdf,data/dokumen_resmi/2026/SE_Cuti_Bersama_2026.pdf,
2026-04-03,LIBUR_NASIONAL,Wafat Yesus Kristus,False,False,False,"SKB 1497/2025, 2/2025, dan 5/2025","SKB 1497/2025, 2/2025, dan 5/2025",2026,SE_Cuti_Bersama_2026.pdf,data/dokumen_resmi/2026/SE_Cuti_Bersama_2026.pdf,
2026-04-05,LIBUR_NASIONAL,Kebangkitan Yesus Kristus (Paskah),False,False,False,"SKB 1497/2025, 2/2025, dan 5/2025","SKB 1497/2025, 2/2025, dan 5/2025",2026,SE_Cuti_Bersama_2026.pdf,data/dokumen_resmi/2026/SE_Cuti_Bersama_2026.pdf,
2026-05-01,LIBUR_NASIONAL,Hari Buruh Internasional,False,False,False,"SKB 1497/2025, 2/2025, dan 5/2025","SKB 1497/2025, 2/2025, dan 5/2025",2026,SE_Cuti_Bersama_2026.pdf,data/dokumen_resmi/2026/SE_Cuti_Bersama_2026.pdf,
2026-05-14,LIBUR_NASIONAL,Kenaikan Yesus Kristus,False,False,False,"SKB 1497/2025, 2/2025, dan 5/2025","SKB 1497/2025, 2/2025, dan 5/2025",2026,SE_Cuti_Bersama_2026.pdf,data/dokumen_resmi/2026/SE_Cuti_Bersama_2026.pdf,
2026-05-15,CUTI_BERSAMA,Kenaikan Yesus Kristus,True,False,False,"SKB 1497/2025, 2/2025, dan 5/2025","SKB 1497/2025, 2/2025, dan 5/2025",2026,SE_Cuti_Bersama_2026.pdf,data/dokumen_resmi/2026/SE_Cuti_Bersama_2026.pdf,
2026-05-27,LIBUR_NASIONAL,Idul Adha 1447 Hijriah,False,False,False,"SKB 1497/2025, 2/2025, dan 5/2025","SKB 1497/2025, 2/2025, dan 5/2025",2026,SE_Cuti_Bersama_2026.pdf,data/dokumen_resmi/2026/SE_Cuti_Bersama_2026.pdf,
2026-05-28,CUTI_BERSAMA,Idul Adha 1447 Hijriah,True,False,False,"SKB 1497/2025, 2/2025, dan 5/2025","SKB 1497/2025, 2/2025, dan 5/2025",2026,SE_Cuti_Bersama_2026.pdf,data/dokumen_resmi/2026/SE_Cuti_Bersama_2026.pdf,
2026-05-31,LIBUR_NASIONAL,Hari Raya Waisak 2570 BE,False,False,False,"SKB 1497/2025, 2/2025, dan 5/2025","SKB 1497/2025, 2/2025, dan 5/2025",2026,SE_Cuti_Bersama_2026.pdf,data/dokumen_resmi/2026/SE_Cuti_Bersama_2026.pdf,
2026-06-01,LIBUR_NASIONAL,Hari Lahir Pancasila,False,False,False,"SKB 1497/2025, 2/2025, dan 5/2025","SKB 1497/2025, 2/2025, dan 5/2025",2026,SE_Cuti_Bersama_2026.pdf,data/dokumen_resmi/2026/SE_Cuti_Bersama_2026.pdf,
2026-06-16,LIBUR_NASIONAL,1 Muharam Tahun Baru Islam 1448 Hijriah,False,False,False,"SKB 1497/2025, 2/2025, dan 5/2025","SKB 1497/2025, 2/2025, dan 5/2025",2026,SE_Cuti_Bersama_2026.pdf,data/dokumen_resmi/2026/SE_Cuti_Bersama_2026.pdf,
2026-08-17,LIBUR_NASIONAL,Proklamasi Kemerdekaan,False,False,False,"SKB 1497/2025, 2/2025, dan 5/2025","SKB 1497/2025, 2/2025, dan 5/2025",2026,SE_Cuti_Bersama_2026.pdf,data/dokumen_resmi/2026/SE_Cuti_Bersama_2026.pdf,
2026-08-25,LIBUR_NASIONAL,Maulid Nabi Muhammad S.A.W.,False,False,False,"SKB 1497/2025, 2/2025, dan 5/2025","SKB 1497/2025, 2/2025, dan 5/2025",2026,SE_Cuti_Bersama_2026.pdf,data/dokumen_resmi/2026/SE_Cuti_Bersama_2026.pdf,
2026-12-24,CUTI_BERSAMA,Kelahiran Yesus Kristus,True,False,False,"SKB 1497/2025, 2/2025, dan 5/2025","SKB 1497/2025, 2/2025, dan 5/2025",2026,SE_Cuti_Bersama_2026.pdf,data/dokumen_resmi/2026/SE_Cuti_Bersama_2026.pdf,
2026-12-25,LIBUR_NASIONAL,Kelahiran Yesus Kristus,False,False,False,"SKB 1497/2025, 2/2025, dan 5/2025","SKB 1497/2025, 2/2025, dan 5/2025",2026,SE_Cuti_Bersama_2026.pdf,data/dokumen_resmi/2026/SE_Cuti_Bersama_2026.pdf,
